<?xml version="1.0" encoding="UTF-8" standalone="yes"?>
<addon
   id="superrepo.bundle.80474"
   name="SR Bundle: XiaomiMY"
   version="1.0.0-d79"
   provider-name="SuperRepo Bundle Builder">
  <requires>
<import addon="script.module.urlresolver" version="0.0.1" optional="false"/>
<import addon="service.autosubs" version="0.0.1" optional="false"/>
<import addon="service.subtitles.subhd" version="0.0.1" optional="false"/>
<import addon="service.subtitles.subscene" version="0.0.1" optional="false"/>
</requires>
    <extension point="xbmc.addon.repository" />    
	<extension point="xbmc.addon.metadata">
		<summary>Uninstall this bundle installer. It's job is done.</summary>
		<description>Uninstall this placeholder once the bundle is installed. It's job is done. Get more bundles from SuperRepo.org![CR][CR]Addons installed using this bundle are:[CR]- URLResolver[CR]- AutoSubs[CR]- Sub HD[CR]- Subscene.com[CR][CR][CR][CR][CR]</description>
		<disclaimer>This bundle is created at SuperRepo.org[CR]</disclaimer>
		<platform>all</platform>
		<license>GNU GENERAL PUBLIC LICENSE. Version 2, June 1991</license>
	</extension>
</addon>