<?xml version="1.0" encoding="UTF-8" standalone="yes"?>
  
<addon id="plugin.program.androidrepublicawizard" 
       name="Kodi IPTV Malaysia Wizard"
       version="2.0.0"
       provider-name="androidrepublica">
	   
  <requires>
    <import addon="xbmc.python" version="2.1.0"/>
  </requires>
  <extension point="xbmc.python.pluginsource" library="default.py">
    <provides>program executable</provides>
  </extension>
  <extension point="xbmc.service" library="startup.py" start="startup" />
  <extension point="xbmc.addon.metadata">
    <summary lang="en">Kodi IPTV Malaysia Wizard</summary>
    <description lang="en">Kodi IPTV Malaysia build yang mengandungi addon-addon terbaik daripada website kami #androidrepublica.com. 
	Kodi IPTV Malaysia build yang mengandungi addon-addon terbaik daripada website kami androidrepublica.com. 
	Terima Kasih kepada semua developer tempatan dan luar negara yang menghasilkan addon yang berkualiti. 
	</description>
    <platform>all</platform>
  </extension>
</addon>